                  epoch,         train/box_loss,         train/seg_loss,         train/obj_loss,         train/cls_loss,   metrics/precision(B),      metrics/recall(B),     metrics/mAP_0.5(B),metrics/mAP_0.5:0.95(B),   metrics/precision(M),      metrics/recall(M),     metrics/mAP_0.5(M),metrics/mAP_0.5:0.95(M),           val/box_loss,           val/seg_loss,           val/obj_loss,           val/cls_loss,                  x/lr0,                  x/lr1,                  x/lr2
                      0,                0.12133,               0.092962,               0.029706,               0.048353,              0.0012369,               0.088633,             0.00095404,             0.00024389,              0.0023872,                0.19504,              0.0022931,              0.0007062,                0.11214,               0.061609,               0.034526,               0.046032,               0.067212,              0.0003312,              0.0003312
                      1,                 0.1002,               0.048725,               0.032838,               0.042987,                0.33424,               0.081086,               0.036918,               0.011268,                0.33753,               0.089151,               0.046754,               0.021229,               0.083547,               0.036789,               0.041816,               0.041063,               0.034209,             0.00066234,             0.00066234
                      2,               0.079755,               0.035304,               0.034667,               0.038166,                0.33807,                0.10355,               0.070164,                0.02253,                0.34115,                0.11104,               0.080692,               0.049021,               0.067613,               0.028628,               0.041214,                0.03766,               0.001205,             0.00099128,             0.00099128
                      3,               0.066854,                0.02968,               0.032448,               0.035713,                0.36582,                0.30111,                0.10592,               0.049693,                0.36623,                0.30983,                0.11169,                0.06626,               0.058379,               0.026453,                0.03804,               0.035798,              0.0009901,              0.0009901,              0.0009901
                      4,               0.059899,               0.027137,               0.030928,               0.033744,                0.42729,                0.25376,                0.14329,                0.06004,                0.43367,                 0.2668,                0.15838,               0.086678,               0.050921,               0.025062,                0.03606,               0.034764,              0.0009901,              0.0009901,              0.0009901
                      5,               0.054186,               0.026303,               0.028812,               0.032219,                0.46654,                0.29472,                0.19721,               0.089756,                0.46989,                0.30785,                0.21132,                0.12446,               0.046573,               0.024227,               0.033924,               0.033508,              0.0009868,              0.0009868,              0.0009868
                      6,               0.050097,               0.024112,                 0.0269,               0.031367,                0.51057,                0.29564,                0.23632,                 0.1026,                0.51687,                0.30456,                0.24633,                0.14336,               0.043411,               0.024242,                0.03341,               0.031792,              0.0009835,              0.0009835,              0.0009835
                      7,               0.047774,               0.024523,               0.026778,               0.030424,                0.52972,                0.33412,                0.27224,                  0.131,                0.53667,                0.34099,                 0.2826,                0.15671,               0.041406,               0.022818,               0.032295,               0.030565,              0.0009802,              0.0009802,              0.0009802
                      8,               0.045258,               0.023103,               0.025364,               0.028261,                0.56599,                0.34815,                0.30198,                0.15091,                0.55912,                0.34865,                0.30002,                0.17399,                0.03977,               0.022713,               0.031322,               0.028857,              0.0009769,              0.0009769,              0.0009769
                      9,               0.044165,               0.022947,               0.024822,               0.026986,                0.59831,                0.36312,                0.33205,                0.16717,                0.59163,                0.36672,                0.32978,                0.19622,               0.038609,               0.022472,               0.031379,               0.026942,              0.0009736,              0.0009736,              0.0009736
                     10,               0.043385,               0.023084,               0.024823,               0.024591,                0.63702,                0.38847,                0.39524,                0.21205,                0.62245,                0.38284,                0.38615,                0.24249,                0.03716,               0.022437,               0.029969,               0.024667,              0.0009703,              0.0009703,              0.0009703
                     11,               0.042936,               0.022686,               0.023497,               0.023222,                0.66729,                0.41671,                0.41546,                0.22817,                0.67212,                0.39865,                0.41017,                0.24992,               0.037155,               0.022685,               0.029384,               0.022661,               0.000967,               0.000967,               0.000967
                     12,               0.041299,               0.022199,               0.023341,               0.021433,                0.70625,                0.41053,                 0.4238,                0.22658,                0.69634,                0.39647,                  0.417,                0.23812,               0.037236,               0.022659,                 0.0281,               0.020331,              0.0009637,              0.0009637,              0.0009637
                     13,               0.041292,               0.021625,               0.022312,               0.019345,                0.72931,                0.43909,                0.45752,                0.26145,                0.72875,                0.42427,                0.44919,                0.28496,               0.035262,               0.022524,               0.028918,               0.018781,              0.0009604,              0.0009604,              0.0009604
                     14,               0.040301,               0.021692,               0.022576,               0.017827,                0.73808,                0.44859,                0.46951,                0.26773,                0.74206,                0.44083,                0.46264,                0.29088,               0.035118,               0.022431,               0.028515,               0.017684,              0.0009571,              0.0009571,              0.0009571
                     15,                0.03965,               0.021738,                0.02227,               0.016537,                0.74782,                0.43224,                0.47091,                0.26865,                 0.7438,                0.42619,                0.45673,                0.28429,                0.03474,               0.021653,               0.027332,               0.015984,              0.0009538,              0.0009538,              0.0009538
                     16,               0.038694,               0.021183,               0.022288,               0.015987,                0.73232,                0.46368,                0.49056,                0.28419,                0.72029,                0.45349,                0.47714,                0.29785,               0.033964,               0.021853,               0.027616,               0.015184,              0.0009505,              0.0009505,              0.0009505
                     17,                 0.0381,               0.021151,               0.020957,               0.014931,                 0.7402,                0.47165,                0.50382,                0.30028,                 0.7388,                0.47063,                0.49904,                0.31357,               0.033482,               0.021635,               0.027596,               0.014249,              0.0009472,              0.0009472,              0.0009472
                     18,               0.037966,                0.02075,               0.021395,               0.014272,                0.73141,                0.48843,                0.49949,                0.28288,                0.72575,                0.47254,                0.48433,                0.28566,               0.034812,               0.021603,               0.027051,               0.014263,              0.0009439,              0.0009439,              0.0009439
                     19,               0.037703,                0.02015,               0.020294,               0.013761,                0.76475,                0.48884,                0.52775,                0.30803,                0.75604,                0.47188,                0.51497,                0.32599,               0.033487,               0.021892,               0.026841,               0.013567,              0.0009406,              0.0009406,              0.0009406
                     20,                0.03689,               0.020274,               0.020288,               0.013336,                0.75085,                0.49009,                0.52332,                0.30542,                0.74466,                0.47443,                0.51056,                 0.3212,               0.033182,               0.021155,               0.026609,               0.012586,              0.0009373,              0.0009373,              0.0009373
                     21,               0.036819,               0.020438,               0.020469,                0.01213,                 0.7506,                0.48778,                0.52903,                0.30398,                0.75032,                 0.4811,                0.52391,                0.34126,               0.033208,               0.020966,               0.026391,               0.012111,               0.000934,               0.000934,               0.000934
                     22,                 0.0368,               0.020619,               0.020874,               0.012095,                0.74998,                0.51288,                 0.5396,                0.33003,                0.74703,                0.50309,                0.52958,                0.34176,               0.032268,               0.021407,               0.026392,               0.012755,              0.0009307,              0.0009307,              0.0009307
                     23,                0.03594,               0.019521,               0.020067,               0.011348,                0.75752,                0.51568,                0.55979,                0.34172,                0.75949,                0.50331,                0.55183,                0.35852,               0.031996,               0.021162,                0.02615,               0.012739,              0.0009274,              0.0009274,              0.0009274
                     24,               0.035612,               0.019752,               0.019558,               0.010574,                 0.7663,                0.51203,                0.56701,                0.35214,                0.76841,                 0.4894,                0.55405,                 0.3523,               0.031201,               0.020748,               0.026416,               0.012953,              0.0009241,              0.0009241,              0.0009241
                     25,               0.035335,               0.019666,               0.019785,               0.010707,                0.77346,                0.50183,                0.55392,                0.34343,                 0.7735,                0.49322,                0.54639,                0.33582,               0.031458,               0.020625,               0.025851,               0.011473,              0.0009208,              0.0009208,              0.0009208
                     26,               0.035043,               0.019127,               0.018852,               0.010228,                0.76881,                0.46222,                0.52731,                0.31453,                0.75799,                0.45146,                0.51398,                0.31325,               0.032985,               0.022286,               0.027202,                0.01355,              0.0009175,              0.0009175,              0.0009175
                     27,               0.034715,               0.019633,                0.01937,               0.010543,                0.77484,                0.50176,                0.57018,                0.35129,                0.77025,                0.49784,                0.56122,                0.35895,               0.030633,               0.020871,               0.026125,               0.010445,              0.0009142,              0.0009142,              0.0009142
                     28,               0.034283,               0.019002,               0.019003,              0.0096694,                0.75569,                0.52687,                0.57819,                0.35905,                0.76933,                0.50688,                0.56948,                0.35305,               0.030396,               0.020679,               0.026235,               0.010669,              0.0009109,              0.0009109,              0.0009109
                     29,               0.033504,                0.01893,               0.018897,               0.008838,                0.56116,                0.61647,                0.58788,                0.36763,                0.54809,                0.59933,                0.57279,                  0.356,               0.030569,               0.020939,                0.02571,               0.010827,              0.0009076,              0.0009076,              0.0009076
                     30,               0.033183,               0.019212,                0.01866,              0.0088712,                0.64901,                0.60806,                 0.6058,                0.37446,                0.63841,                0.59613,                0.59069,                0.37752,               0.030238,               0.020437,               0.025407,               0.010043,              0.0009043,              0.0009043,              0.0009043
                     31,               0.032914,               0.018941,               0.018545,              0.0086166,                0.66356,                0.61363,                 0.6137,                0.37871,                0.65567,                0.60253,                0.60288,                0.38203,               0.029732,               0.020801,               0.025784,               0.010228,               0.000901,               0.000901,               0.000901
                     32,               0.033348,               0.018987,               0.018759,              0.0088142,                0.67505,                0.62984,                0.63077,                0.39114,                0.66381,                0.61811,                0.61965,                0.38888,               0.029579,               0.020763,               0.025078,               0.010051,              0.0008977,              0.0008977,              0.0008977
                     33,                0.03259,               0.018272,               0.017934,              0.0079297,                0.73519,                 0.5628,                0.63045,                0.38809,                0.72746,                0.55273,                 0.6163,                0.40017,               0.029454,               0.020559,               0.025204,              0.0097581,              0.0008944,              0.0008944,              0.0008944
                     34,               0.032037,               0.018337,               0.018353,              0.0077583,                0.69279,                0.61362,                0.62892,                0.39748,                0.68442,                0.60078,                0.61629,                0.38845,               0.030021,               0.020469,               0.025333,              0.0092392,              0.0008911,              0.0008911,              0.0008911
                     35,               0.033068,               0.019063,                 0.0182,              0.0077208,                0.72197,                0.58819,                 0.6315,                0.39684,                0.71206,                0.57169,                 0.6146,                 0.3935,               0.029058,               0.020864,               0.025317,              0.0099621,              0.0008878,              0.0008878,              0.0008878
                     36,               0.031785,                0.01817,               0.017596,              0.0071597,                0.71771,                0.62147,                 0.6472,                 0.4091,                0.70737,                0.60803,                0.63191,                0.38929,               0.029681,               0.020559,               0.025019,              0.0094643,              0.0008845,              0.0008845,              0.0008845
                     37,               0.032342,               0.018903,               0.018599,              0.0075265,                 0.7159,                0.59989,                0.65097,                0.41724,                 0.7053,                0.58347,                0.63898,                0.41084,               0.029125,               0.020901,               0.025101,              0.0098301,              0.0008812,              0.0008812,              0.0008812
                     38,               0.031737,               0.018136,               0.017938,              0.0071516,                0.71343,                0.59784,                0.65835,                0.42002,                0.71346,                0.58239,                0.64119,                0.41514,               0.029497,               0.020477,               0.025254,              0.0094062,              0.0008779,              0.0008779,              0.0008779
                     39,               0.031871,               0.018255,               0.017835,              0.0068516,                0.71102,                0.60424,                0.66953,                0.43193,                0.70374,                0.59233,                0.65751,                0.41772,               0.029027,               0.020791,               0.024893,              0.0087659,              0.0008746,              0.0008746,              0.0008746
                     40,               0.031422,               0.018122,               0.017388,              0.0064126,                0.73048,                0.61373,                0.67658,                  0.434,                  0.721,                0.59822,                0.65978,                0.41537,               0.028686,               0.020367,               0.024996,              0.0087416,              0.0008713,              0.0008713,              0.0008713
                     41,               0.030589,               0.017908,               0.017002,              0.0067256,                0.73829,                0.59792,                0.67705,                0.42949,                0.72938,                0.58565,                0.66015,                0.41784,               0.029314,               0.021134,               0.025183,              0.0093609,               0.000868,               0.000868,               0.000868
                     42,               0.030908,               0.018044,               0.016921,              0.0062107,                0.68962,                0.65972,                0.67931,                0.43786,                0.68083,                0.64888,                 0.6651,                0.42073,               0.028654,               0.020742,               0.024708,               0.008345,              0.0008647,              0.0008647,              0.0008647
                     43,                0.03094,               0.017978,               0.017238,              0.0060757,                0.71394,                0.62841,                 0.6815,                0.42508,                0.70313,                0.61697,                0.66816,                0.43175,               0.029219,                0.02041,               0.024635,              0.0083949,              0.0008614,              0.0008614,              0.0008614
                     44,               0.030403,               0.017938,               0.016535,              0.0058126,                0.76156,                0.61783,                0.68788,                0.44871,                  0.747,                0.60298,                0.67237,                0.43104,               0.028923,               0.020905,               0.024893,              0.0087494,              0.0008581,              0.0008581,              0.0008581
                     45,               0.030733,               0.018385,               0.017408,              0.0058906,                0.66773,                0.71145,                0.70092,                0.45264,                 0.6574,                0.69325,                0.68669,                0.43139,               0.028443,               0.020413,               0.024622,              0.0090091,              0.0008548,              0.0008548,              0.0008548
                     46,               0.030345,               0.017756,               0.016673,              0.0056655,                0.73264,                0.68739,                0.71588,                0.46473,                0.72238,                 0.6766,                0.70424,                 0.4553,               0.028221,                0.02054,                 0.0244,              0.0083432,              0.0008515,              0.0008515,              0.0008515
                     47,               0.029872,               0.017759,               0.016805,              0.0057205,                0.73033,                0.70916,                0.71592,                0.46137,                0.72057,                0.69706,                0.70721,                0.44951,               0.027876,               0.020347,               0.024348,              0.0088547,              0.0008482,              0.0008482,              0.0008482
                     48,               0.030195,               0.017495,               0.016889,              0.0054116,                0.72594,                0.68654,                0.70148,                0.45317,                0.71374,                0.67193,                0.69543,                0.44773,               0.028779,               0.020971,               0.024663,              0.0081455,              0.0008449,              0.0008449,              0.0008449
                     49,               0.029974,               0.018378,               0.017195,               0.005249,                 0.7127,                0.71187,                0.71228,                0.45653,                0.70204,                0.68739,                0.69668,                 0.4364,               0.028045,               0.020559,               0.024564,              0.0083617,              0.0008416,              0.0008416,              0.0008416
                     50,               0.028939,                 0.0174,                0.01544,              0.0050535,                0.76381,                0.63181,                0.70789,                0.44037,                0.76455,                0.63269,                0.70612,                0.44414,               0.029456,               0.020584,               0.024966,              0.0082071,              0.0008383,              0.0008383,              0.0008383
                     51,               0.029519,               0.017113,               0.016646,              0.0048942,                0.75389,                  0.675,                0.72851,                0.46884,                0.74516,                0.66513,                0.71939,                0.45427,               0.027725,               0.020405,               0.024442,              0.0080091,               0.000835,               0.000835,               0.000835
                     52,               0.029644,               0.018119,               0.017073,              0.0051712,                0.79494,                0.65181,                0.72197,                0.47244,                0.78662,                0.64392,                0.71826,                0.45188,               0.028108,               0.020297,               0.024735,              0.0078392,              0.0008317,              0.0008317,              0.0008317
                     53,               0.028859,               0.017241,               0.015764,              0.0044993,                0.76981,                0.66049,                0.72476,                 0.4715,                0.75838,                 0.6491,                0.71755,                 0.4579,               0.028277,               0.020662,               0.024566,              0.0078435,              0.0008284,              0.0008284,              0.0008284
                     54,               0.029758,               0.017635,               0.016444,              0.0049554,                0.74681,                0.68463,                0.72038,                0.47704,                0.75527,                0.66431,                 0.7026,                0.45489,               0.028144,               0.020433,               0.024439,               0.008267,              0.0008251,              0.0008251,              0.0008251
                     55,               0.029156,               0.017339,               0.016172,              0.0043552,                0.75528,                0.69328,                0.72536,                 0.4689,                0.74361,                0.68254,                0.71685,                0.46574,               0.028139,                0.02065,               0.024748,              0.0082882,              0.0008218,              0.0008218,              0.0008218
                     56,               0.029173,               0.017771,               0.016127,              0.0047169,                0.74962,                0.71424,                0.73218,                0.47942,                0.73936,                0.70045,                0.72027,                0.46201,               0.027831,               0.020336,               0.024484,              0.0073809,              0.0008185,              0.0008185,              0.0008185
                     57,                0.02843,               0.016934,               0.015852,              0.0045631,                0.77766,                0.68148,                0.74294,                0.48129,                0.78814,                0.66609,                0.73268,                0.47872,                0.02832,               0.020467,               0.024564,              0.0074409,              0.0008152,              0.0008152,              0.0008152
                     58,               0.028596,               0.017322,               0.015847,              0.0042654,                0.81191,                 0.6439,                0.74356,                 0.4854,                0.80243,                0.63462,                0.73308,                0.48045,               0.027833,               0.020396,               0.024424,              0.0076122,              0.0008119,              0.0008119,              0.0008119
                     59,               0.028046,               0.016848,               0.015474,              0.0045142,                0.71341,                0.73225,                 0.7435,                0.49802,                0.70091,                0.71648,                0.73689,                0.47602,                0.02721,               0.020244,               0.024178,              0.0073347,              0.0008086,              0.0008086,              0.0008086
                     60,               0.028225,               0.017195,               0.016157,              0.0041602,                0.70537,                0.71969,                0.74103,                0.48321,                0.73599,                0.65762,                0.73388,                0.47727,               0.027442,               0.020337,               0.024519,              0.0075128,              0.0008053,              0.0008053,              0.0008053
                     61,               0.027942,               0.017075,               0.015818,              0.0039788,                0.80354,                0.66515,                0.74541,                0.47827,                0.79407,                0.65587,                0.74199,                  0.492,               0.027853,               0.020082,               0.024612,              0.0072097,               0.000802,               0.000802,               0.000802
                     62,               0.028532,               0.016916,               0.016541,              0.0044449,                0.73131,                0.71211,                  0.744,                0.49787,                0.72716,                 0.7029,                0.73893,                0.47668,               0.027032,               0.020753,               0.024289,              0.0070475,              0.0007987,              0.0007987,              0.0007987
                     63,               0.028025,                 0.0174,               0.015382,              0.0041464,                0.76453,                0.67464,                0.74028,                0.48286,                0.76125,                0.66703,                0.73659,                0.49284,               0.027916,               0.020379,               0.024359,              0.0076518,              0.0007954,              0.0007954,              0.0007954
                     64,               0.027771,               0.016751,               0.015662,              0.0041255,                0.78476,                0.68613,                0.74519,                0.48484,                0.77487,                0.66884,                0.72961,                0.48139,               0.027464,               0.020659,               0.024283,              0.0072498,              0.0007921,              0.0007921,              0.0007921
                     65,                 0.0272,               0.016958,               0.015897,              0.0036713,                0.77654,                0.71815,                0.75785,                0.49871,                0.76364,                0.70333,                0.74129,                0.47691,               0.027025,                0.02033,               0.024078,              0.0074835,              0.0007888,              0.0007888,              0.0007888
                     66,                0.02692,               0.016447,               0.014778,               0.003599,                0.81839,                0.67476,                 0.7498,                0.49015,                0.80693,                0.66484,                0.74169,                0.48925,               0.027221,               0.020251,               0.024388,              0.0074087,              0.0007855,              0.0007855,              0.0007855
                     67,               0.027371,               0.016635,               0.015374,              0.0038713,                0.75211,                0.71523,                 0.7567,                0.51054,                0.74426,                0.69864,                0.73974,                0.47901,               0.027143,               0.020042,               0.024059,              0.0083055,              0.0007822,              0.0007822,              0.0007822
                     68,                0.02723,               0.016548,                0.01522,              0.0035233,                0.77577,                0.69552,                0.75693,                0.49806,                0.76409,                0.67316,                0.73976,                0.48463,               0.026835,               0.020499,               0.024124,              0.0073163,              0.0007789,              0.0007789,              0.0007789
                     69,               0.027632,               0.017041,               0.015522,              0.0037136,                0.77748,                0.70953,                0.75839,                0.49629,                0.77084,                0.69312,                0.74217,                0.49105,               0.026679,               0.020236,               0.024294,                0.00785,              0.0007756,              0.0007756,              0.0007756
                     70,               0.027061,               0.016694,               0.014795,              0.0032941,                0.77881,                0.71705,                0.76144,                0.49673,                0.76505,                0.70523,                0.74574,                0.48384,               0.026833,               0.020746,               0.024661,              0.0077826,              0.0007723,              0.0007723,              0.0007723
                     71,               0.027104,               0.016977,               0.015216,              0.0035552,                0.78905,                0.70416,                0.75272,                 0.4853,                 0.7685,                0.69866,                0.74719,                0.49574,               0.026832,               0.020335,                0.02459,              0.0072715,               0.000769,               0.000769,               0.000769
                     72,               0.026473,               0.016588,               0.015162,              0.0031015,                0.75968,                 0.7326,                0.76586,                0.51022,                0.76632,                0.70123,                0.75864,                0.49177,               0.026564,               0.020449,               0.024538,              0.0074434,              0.0007657,              0.0007657,              0.0007657
                     73,               0.027088,               0.016397,               0.014701,              0.0036221,                0.78918,                0.71776,                0.76397,                0.50494,                0.77508,                0.70017,                0.74462,                0.46971,               0.026433,               0.020068,               0.024465,              0.0073691,              0.0007624,              0.0007624,              0.0007624
                     74,               0.026448,               0.016137,               0.014908,              0.0037331,                0.79095,                0.69997,                0.75291,                0.51274,                0.79448,                0.67151,                 0.7442,                0.47547,               0.026773,               0.020061,               0.024701,              0.0073558,              0.0007591,              0.0007591,              0.0007591
                     75,               0.026931,               0.016325,               0.015065,              0.0035813,                0.73592,                0.74892,                0.74179,                0.50289,                 0.7271,                0.73762,                 0.7369,                0.48442,               0.026349,               0.020109,               0.024722,              0.0071746,              0.0007558,              0.0007558,              0.0007558
                     76,               0.026251,               0.016332,               0.014737,              0.0034311,                0.75353,                0.71154,                0.74461,                0.49058,                 0.7439,                0.69955,                0.73369,                0.47669,               0.026936,                 0.0203,               0.024885,              0.0068161,              0.0007525,              0.0007525,              0.0007525
                     77,               0.025994,               0.015897,               0.014638,              0.0032939,                0.79377,                0.70864,                0.74767,                0.50459,                0.78411,                0.69654,                0.73849,                0.48194,               0.026399,               0.020146,               0.024508,              0.0073031,              0.0007492,              0.0007492,              0.0007492
                     78,               0.026272,               0.017027,               0.014542,              0.0030985,                0.76088,                0.71601,                0.75441,                0.50693,                0.74664,                0.68939,                0.73316,                0.47193,               0.026817,               0.019783,               0.024575,              0.0070342,              0.0007459,              0.0007459,              0.0007459
                     79,               0.025913,               0.016194,               0.014771,              0.0032552,                0.76629,                0.71409,                0.75263,                0.48392,                0.75059,                0.69882,                 0.7373,                0.48831,               0.026636,                0.02009,               0.024597,              0.0074823,              0.0007426,              0.0007426,              0.0007426
                     80,               0.026104,               0.016228,               0.013963,              0.0031107,                0.76105,                0.74248,                0.75826,                0.50059,                0.74844,                 0.7257,                0.73907,                0.48205,               0.026326,               0.019938,               0.024447,              0.0070466,              0.0007393,              0.0007393,              0.0007393
                     81,               0.026238,               0.016198,               0.015135,              0.0028082,                0.78414,                0.68336,                0.74525,                0.49412,                0.77579,                 0.6631,                0.72682,                0.47356,               0.026889,               0.020279,               0.025374,              0.0081109,               0.000736,               0.000736,               0.000736
                     82,               0.026103,               0.016244,                0.01485,              0.0030153,                0.78989,                0.69412,                0.76098,                0.51035,                0.78939,                0.67974,                0.74182,                0.48212,               0.026212,               0.019829,               0.024336,              0.0068429,              0.0007327,              0.0007327,              0.0007327
                     83,               0.025509,               0.016093,               0.013989,              0.0032063,                0.78155,                0.69911,                0.74871,                0.50032,                0.77318,                 0.6879,                0.74376,                0.48156,                0.02669,               0.020556,               0.024582,              0.0067527,              0.0007294,              0.0007294,              0.0007294
                     84,               0.025788,               0.015956,               0.014946,              0.0029473,                0.78906,                0.70755,                0.75652,                0.51467,                0.78016,                0.69793,                0.74471,                 0.4955,               0.026188,               0.020625,               0.024035,              0.0069476,              0.0007261,              0.0007261,              0.0007261
                     85,               0.025479,               0.016343,               0.014025,               0.002806,                0.77565,                0.71285,                0.75455,                0.51379,                0.76415,                0.70047,                0.74407,                 0.4872,               0.026405,               0.020383,               0.024442,              0.0069589,              0.0007228,              0.0007228,              0.0007228
                     86,               0.025481,                0.01618,               0.014181,              0.0030138,                0.77252,                0.70603,                0.75639,                0.50992,                0.76289,                0.69438,                0.73558,                0.48527,               0.026537,               0.019987,               0.024599,              0.0067169,              0.0007195,              0.0007195,              0.0007195
                     87,                0.02526,               0.016145,               0.014242,              0.0029714,                0.80026,                0.67421,                0.75488,                0.50607,                0.77895,                0.66851,                0.74203,                 0.4835,               0.026458,                0.02022,               0.024255,              0.0069322,              0.0007162,              0.0007162,              0.0007162
                     88,                0.02548,               0.016106,                0.01463,              0.0029436,                 0.8089,                0.66443,                0.76023,                0.51164,                0.79652,                0.65209,                0.74753,                0.49594,               0.026559,                0.01992,               0.024284,              0.0068695,              0.0007129,              0.0007129,              0.0007129
                     89,               0.025104,               0.015641,               0.014525,              0.0030125,                0.79806,                 0.7207,                0.76179,                0.51357,                0.78479,                0.70702,                0.74844,                 0.4861,               0.026096,               0.019963,               0.024169,              0.0068935,              0.0007096,              0.0007096,              0.0007096
                     90,               0.025032,               0.016623,               0.014371,              0.0029475,                0.76063,                0.72467,                0.75529,                 0.5089,                0.74739,                0.71156,                 0.7404,                0.47688,               0.026524,               0.020377,               0.024736,              0.0083376,              0.0007063,              0.0007063,              0.0007063
                     91,               0.024975,               0.015668,               0.013877,              0.0026722,                0.74705,                0.70516,                0.74623,                0.49866,                0.72308,                0.70914,                0.73148,                0.47185,               0.026743,               0.020719,               0.025041,              0.0084919,               0.000703,               0.000703,               0.000703
                     92,                0.02462,               0.015867,               0.013749,              0.0028415,                0.75503,                0.71691,                0.74673,                  0.499,                0.76996,                0.67743,                0.72815,                0.47533,               0.026486,               0.020394,               0.024963,              0.0071945,              0.0006997,              0.0006997,              0.0006997
                     93,               0.024822,               0.015676,               0.013789,              0.0027011,                0.74756,                0.72921,                0.76317,                 0.5207,                0.73514,                0.72502,                0.74846,                0.48272,               0.026203,                0.01991,               0.024183,              0.0075632,              0.0006964,              0.0006964,              0.0006964
                     94,               0.025077,                0.01593,               0.014237,              0.0029169,                0.77477,                0.70079,                0.75225,                0.50684,                0.76458,                0.69249,                0.73899,                0.48531,               0.026315,               0.020103,               0.025076,              0.0074243,              0.0006931,              0.0006931,              0.0006931
                     95,               0.025059,               0.015679,               0.013699,              0.0026371,                0.76966,                0.72476,                0.75124,                0.50857,                 0.7577,                0.71304,                0.73948,                0.48615,               0.026274,               0.020313,               0.024655,              0.0067679,              0.0006898,              0.0006898,              0.0006898
                     96,               0.024493,               0.016077,               0.014181,              0.0027845,                0.75892,                0.72219,                0.74546,                0.50868,                0.75429,                0.70437,                0.73258,                0.46998,               0.026041,               0.020265,               0.025243,              0.0073369,              0.0006865,              0.0006865,              0.0006865
                     97,               0.024916,               0.015733,               0.013839,              0.0023235,                0.78339,                0.70218,                0.75528,                0.51316,                0.78751,                0.66961,                0.73612,                0.48992,               0.026199,               0.020011,               0.024735,              0.0078986,              0.0006832,              0.0006832,              0.0006832
                     98,               0.024001,               0.015584,               0.013193,              0.0025876,                0.75885,                0.73271,                0.76147,                0.50891,                0.74572,                0.71777,                0.74667,                0.48793,               0.026125,               0.020524,               0.024968,              0.0075175,              0.0006799,              0.0006799,              0.0006799
                     99,               0.024069,               0.015466,               0.013105,              0.0026551,                 0.7711,                0.71666,                0.76239,                0.50091,                0.76672,                0.69674,                0.74559,                0.49231,               0.026286,               0.019827,               0.024947,              0.0070998,              0.0006766,              0.0006766,              0.0006766
                    100,               0.024245,               0.016002,               0.013275,              0.0026093,                0.77686,                 0.7343,                0.76164,                 0.5116,                0.76663,                0.71924,                0.74695,                 0.4866,               0.026241,               0.020511,               0.024699,              0.0061548,              0.0006733,              0.0006733,              0.0006733
                    101,               0.024558,               0.016043,               0.013996,              0.0028792,                0.75911,                0.72251,                0.75138,                0.49707,                0.75534,                0.70912,                0.73888,                0.48469,               0.026317,               0.020394,               0.024963,              0.0074507,                0.00067,                0.00067,                0.00067
                    102,                0.02422,               0.015737,               0.013159,              0.0026001,                0.80649,                0.70473,                0.75419,                0.51868,                0.79576,                0.69286,                0.73757,                0.48039,               0.025835,               0.019961,               0.024961,              0.0061186,              0.0006667,              0.0006667,              0.0006667
                    103,               0.024743,               0.015633,               0.013841,              0.0026826,                0.78539,                0.71195,                0.75935,                0.51444,                0.77654,                0.70393,                0.74634,                0.50642,               0.025991,               0.019748,               0.024756,              0.0067936,              0.0006634,              0.0006634,              0.0006634
                    104,               0.024295,               0.015957,               0.013447,              0.0022687,                0.80688,                0.71511,                0.76729,                0.52111,                0.79387,                0.70138,                0.74753,                0.49527,               0.026271,               0.020146,               0.025012,              0.0071496,              0.0006601,              0.0006601,              0.0006601
                    105,               0.024366,               0.015769,               0.013745,              0.0024636,                0.80707,                0.67778,                0.76606,                0.52214,                0.79943,                0.66724,                0.75141,                0.49196,               0.026129,               0.020037,                0.02486,              0.0067793,              0.0006568,              0.0006568,              0.0006568
                    106,               0.023751,               0.015585,               0.013626,              0.0022452,                0.79855,                0.70364,                 0.7688,                0.52221,                0.78334,                0.69136,                0.74932,                0.49275,               0.025627,                0.02026,                0.02428,              0.0070616,              0.0006535,              0.0006535,              0.0006535
                    107,               0.023721,               0.015343,               0.013177,              0.0022123,                0.80243,                0.68503,                0.76037,                0.51222,                0.78941,                0.67306,                0.74143,                0.48186,               0.025724,               0.020259,               0.024778,               0.007191,              0.0006502,              0.0006502,              0.0006502
                    108,               0.023618,               0.015371,               0.013047,              0.0025965,                0.77033,                0.70851,                0.75374,                0.51814,                0.76725,                0.69797,                0.73831,                0.48523,               0.025784,               0.020176,               0.024551,              0.0072471,              0.0006469,              0.0006469,              0.0006469
                    109,               0.023654,               0.015607,                 0.0134,              0.0022366,                0.77073,                0.71075,                0.74805,                0.50568,                0.76102,                 0.6982,                0.73359,                0.48857,               0.026103,               0.020135,                0.02513,              0.0073397,              0.0006436,              0.0006436,              0.0006436
                    110,               0.023818,               0.015573,               0.013198,               0.002467,                 0.8171,                0.69521,                0.75892,                0.51114,                0.81052,                0.68157,                0.74371,                0.49027,               0.026121,               0.020113,               0.025049,              0.0070731,              0.0006403,              0.0006403,              0.0006403
                    111,               0.023481,               0.015466,               0.013488,              0.0022766,                 0.8019,                0.68285,                0.74956,                0.49511,                0.79589,                 0.6752,                  0.737,                0.48551,                0.02619,               0.020711,               0.025352,              0.0079145,               0.000637,               0.000637,               0.000637
                    112,               0.023973,               0.015532,               0.013279,              0.0019867,                0.76673,                0.71928,                0.74808,                0.50137,                0.75913,                0.71089,                0.73897,                0.48466,               0.026234,               0.020479,               0.025317,              0.0073548,              0.0006337,              0.0006337,              0.0006337
                    113,               0.023536,               0.015542,               0.013163,              0.0020516,                0.74872,                 0.7303,                0.75479,                 0.5112,                0.81819,                 0.6587,                0.73727,                0.48174,               0.025878,               0.020305,               0.025158,              0.0067115,              0.0006304,              0.0006304,              0.0006304
                    114,               0.023457,               0.015625,               0.012684,              0.0019762,                0.73936,                0.72979,                0.75527,                0.51419,                0.72863,                 0.7172,                0.74134,                 0.4854,               0.025816,               0.020464,               0.024687,              0.0074567,              0.0006271,              0.0006271,              0.0006271
                    115,                0.02307,                0.01518,               0.012726,               0.002093,                 0.7655,                0.70873,                0.75476,                0.51464,                0.76016,                 0.6951,                0.73967,                0.48242,               0.026369,               0.020282,                 0.0249,               0.007269,              0.0006238,              0.0006238,              0.0006238
                    116,                  0.023,               0.014726,                0.01277,              0.0022798,                0.77919,                0.71376,                0.75246,                0.51237,                0.76948,                0.70281,                0.73798,                0.48124,               0.026154,               0.020401,               0.025586,              0.0071142,              0.0006205,              0.0006205,              0.0006205
                    117,               0.023199,               0.015131,               0.013104,              0.0022299,                0.80745,                0.69016,                0.75657,                0.51131,                0.79836,                  0.677,                 0.7388,                0.48387,               0.026081,               0.020267,               0.025097,              0.0070125,              0.0006172,              0.0006172,              0.0006172
                    118,               0.023104,               0.015642,               0.013228,              0.0021789,                0.81981,                0.68976,                0.75518,                0.51825,                0.81453,                0.68292,                0.74212,                0.48697,               0.026038,               0.020167,               0.024746,              0.0072597,              0.0006139,              0.0006139,              0.0006139
                    119,               0.023481,               0.015308,                0.01272,              0.0022154,                0.77068,                 0.7282,                0.76066,                0.51658,                0.76038,                0.71447,                0.74153,                0.48343,               0.026311,               0.020494,               0.024997,              0.0072654,              0.0006106,              0.0006106,              0.0006106
                    120,               0.023223,               0.014652,               0.012966,              0.0019845,                0.81688,                0.68338,                0.75792,                 0.5104,                0.81528,                0.67384,                0.74519,                0.48882,               0.026185,               0.020561,               0.024963,              0.0064584,              0.0006073,              0.0006073,              0.0006073
                    121,                0.02329,               0.014837,               0.012751,               0.002192,                0.78153,                0.71073,                0.75947,                0.51594,                0.77483,                0.70197,                0.74836,                0.48992,               0.026038,               0.020318,               0.025483,              0.0068955,               0.000604,               0.000604,               0.000604
                    122,               0.023129,               0.014707,               0.012516,              0.0019021,                0.79334,                0.68607,                0.75808,                 0.5116,                0.78559,                0.67728,                  0.744,                0.48986,                0.02599,               0.020246,               0.024949,              0.0071436,              0.0006007,              0.0006007,              0.0006007
                    123,                0.02318,               0.015562,               0.012581,               0.002204,                0.77951,                0.70582,                0.75566,                0.50571,                0.78825,                0.68494,                 0.7424,                0.48554,               0.026102,                0.02051,               0.025377,              0.0066974,              0.0005974,              0.0005974,              0.0005974
                    300,                0.78635,                0.70869,                0.75937,                0.51293,                0.77858,                0.70101,                0.74713,                 0.5071,               0.025992,               0.019749,                0.02476,              0.0067919
